<?xml version="1.0"?>
<extension>
	<id>BEACC950-19AA-4659-AC14-30664F936112</id>
	<defaultState>enabled</defaultState>
    <name>PLUGIN_SPROCKET</name>
    <description>PLUGIN_SPROCKET_DESC</description>
    <module>Plugins::Sprocket::Plugin</module>
    <version>0.4</version>
    <defaultState>enabled</defaultState>
    <icon>plugins/Sprocket/html/images/icon.png</icon>
	<optionsURL>plugins/Sprocket/settings/basic.html</optionsURL>
    <type>2</type>  <!-- type=extension -->
    <targetApplication>
        <id>SqueezeCenter</id>
        <minVersion>7.9</minVersion>
        <maxVersion>*</maxVersion>
    </targetApplication>
</extension>
